id,cpu_per_max,cpu_per_av,cpu_mem_max,cpu_mem_av,gpu_mem_max,gpu_mem_av,gpu_per_max,gpu_per_ave,generation_throughput,prompt_eval_throughput
complex_00,346.74027339642515,285.65661719540935,1042.6484375,996.8889802631579,2109.578125,1661.8125,94.2,12.515789473684213,2.66,10.52
complex_01,341.3325471698106,273.9252506013563,1041.03125,989.0565257352941,2109.578125,1608.4283088235295,99.7,19.188235294117646,2.71,8.06
complex_10,353.38628762541697,295.0781257749973,1040.953125,1003.7698567708334,2109.578125,1754.263671875,80.7,10.708333333333334,2.71,8.3
complex_11,360.3378167031615,309.593358716005,1040.8203125,1013.0780029296875,2109.578125,1843.21728515625,92.4,6.934375,2.7,7.91
complex_12,339.1780821917865,257.5687470285312,1041.0546875,955.2008928571429,580.078125,542.1212797619048,33.5,7.776190476190477,2.75,4.16
complex_13,358.5680190930819,299.5977185646904,1042.12109375,998.8467261904761,580.078125,561.0997023809524,37.0,2.8476190476190473,2.67,4.14
complex_14,351.7890772128097,286.2187190082298,1041.078125,984.946044921875,580.078125,555.1689453125,21.0,1.3125,2.75,4.11
complex_15,365.30612244898145,316.09882090357945,1041.23828125,1009.1809895833334,580.078125,565.813322368421,31.3,1.256140350877193,2.69,4.13
complex_16,368.40148698884974,327.19185373535174,1043.09765625,1016.9456473214286,580.078125,568.4625,45.1,1.7514285714285711,2.65,4.17
complex_17,365.6886434242345,318.38140104398207,1041.34375,1009.8430765086207,580.078125,566.3351293103449,33.2,4.8517241379310345,2.71,4.19
complex_18,352.9226901319957,288.1901554921823,1041.22265625,984.219970703125,580.078125,554.9189453125,36.6,2.2875,2.77,4.16
complex_19,361.63954943679556,313.2556007027064,1040.515625,1013.3636474609375,2109.578125,1843.59228515625,84.6,5.915625,2.67,8.59
complex_02,349.0215755143029,287.568425622727,1041.1796875,997.0796875,2109.578125,1683.60078125,99.7,16.290000000000003,2.7,8.64
complex_20,334.29144385026655,258.07270448150035,1041.140625,979.706088362069,2109.578125,1521.7473060344828,62.9,9.379310344827585,2.73,8.18
complex_21,292.2012578616419,210.10890444139838,1042.96484375,932.25830078125,2109.578125,1044.134765625,85.1,39.1875,2.69,8.81
complex_22,365.3858572812369,321.52312091496634,1043.8515625,1014.1040826612904,580.078125,566.9637096774194,41.5,2.12258064516129,2.64,4.15
complex_23,361.2781954887261,312.36354217435127,1043.3828125,1015.57666015625,2109.578125,1843.34228515625,99.7,10.968750000000002,2.65,8.55
complex_24,359.6722803823354,302.96186349638157,1043.55078125,1001.1176417151163,580.078125,561.3550145348837,32.9,1.5302325581395348,2.71,4.16
complex_25,369.27038626609635,328.72390725290785,1042.015625,1016.1556919642857,580.078125,568.8053571428571,15.3,0.5657142857142857,2.71,4.17
complex_26,368.3819325328758,326.4436313092764,1041.61328125,1015.4821428571429,580.078125,568.4625,39.1,1.1171428571428572,2.69,4.13
complex_27,368.7249857061176,327.35175632990484,1041.26953125,1014.9720982142857,580.078125,568.4625,33.1,5.317142857142858,2.68,4.16
complex_28,360.57571964956156,310.16401428475723,1041.11328125,1013.3878173828125,2109.578125,1843.21728515625,99.7,10.196875000000002,2.67,8.47
complex_29,368.19221967963347,325.4003098995762,1041.265625,1015.1621651785714,580.078125,568.5767857142857,2.3,0.1942857142857143,2.62,4.16
complex_03,368.7371209891053,327.9405460677148,1040.24609375,1013.4563316231344,580.078125,568.3006063432836,42.2,7.0835820895522374,2.71,4.14
complex_30,360.2190923317704,309.1563602336273,1043.6953125,1015.4935302734375,2109.578125,1843.09228515625,53.6,6.1499999999999995,2.66,9.29
complex_31,368.2208237986266,326.7914446760252,1042.3359375,1015.9294642857143,580.078125,568.4625,37.9,6.025714285714284,2.68,4.15
complex_32,368.08693165570696,325.16757957245665,1041.5703125,1015.013134057971,580.078125,568.2941576086956,43.0,1.2463768115942029,2.69,4.12
complex_33,361.9047619047591,316.76273899517884,1042.8203125,1016.3077651515151,2109.578125,1851.53125,67.5,6.124242424242423,2.61,10.72
complex_34,359.73091364205214,307.5425570590363,1042.9375,1014.548583984375,2109.578125,1842.96728515625,99.7,11.793750000000001,2.69,7.93
complex_35,363.44086021505035,313.8601165280435,1041.47265625,1007.4466145833334,580.078125,564.8726851851852,33.7,6.307407407407407,2.7,4.13
complex_36,359.83709273182876,308.659735667193,1041.59765625,1013.557861328125,2109.578125,1843.09228515625,69.1,7.200000000000001,2.69,8.13
complex_37,360.8101957214341,307.4769353826815,1044.15625,1002.8020241477273,580.078125,562.1441761363636,18.7,0.9500000000000001,2.72,4.14
complex_38,358.216970998928,305.0651878131068,1042.02734375,996.5942471590909,2109.578125,1793.7028409090908,99.7,7.341818181818181,2.7,9.47
complex_39,364.2912172573184,316.53521085656945,1043.49609375,1008.5006009615385,580.078125,564.7493990384615,28.1,1.7038461538461536,2.64,4.13
complex_04,360.8695652173936,311.91374307210396,1040.625,1013.1787109375,2109.578125,1843.34228515625,99.7,8.184375,2.66,8.14
complex_40,361.0763454317945,311.5024850452553,1041.34375,1013.483642578125,2109.578125,1843.21728515625,87.5,10.434375000000003,2.69,8.04
complex_41,360.4316546762613,310.0643453031631,1041.1953125,1013.4000244140625,2109.578125,1843.34228515625,99.7,9.065625,2.67,8.11
complex_42,298.869346733667,216.14455959725464,1043.08203125,932.423828125,2109.578125,1202.822265625,99.7,26.662499999999994,2.75,8.74
complex_43,350.2341137123788,282.7028702461629,1040.765625,980.8513020833333,580.078125,553.5083333333333,30.0,2.293333333333334,2.67,4.16
complex_44,346.6131460110415,282.1979129839133,1041.3125,997.2591796875,2109.578125,1683.60078125,52.9,6.9799999999999995,2.64,7.65
complex_45,355.12249443207054,292.7318951640484,1040.80078125,990.4409722222222,580.078125,557.7144097222222,42.3,3.249999999999999,2.76,4.17
complex_46,369.1559370529299,330.1120445196967,1041.80859375,1005.262764084507,580.078125,564.0338908450705,38.6,4.180281690140845,2.63,4.15
complex_47,360.6141522029368,310.36672364037224,1042.72265625,1013.0609375,2109.578125,1825.4598958333333,86.9,8.413333333333334,2.67,9.39
complex_48,368.45118809046835,326.23318795467236,1041.11328125,1014.6485491071429,580.078125,568.3482142857143,32.6,1.06,2.72,4.13
complex_49,360.25641025641005,309.18451326279234,1041.32421875,1013.5703125,2109.578125,1843.34228515625,99.7,8.940625,2.67,8.58
complex_05,360.65060994682227,310.2500570264599,1040.11328125,1012.55517578125,2109.578125,1850.07666015625,59.4,5.7125,2.67,8.44
complex_50,359.8482549317167,308.6452352066155,1041.89453125,1002.6733173076923,2109.578125,1842.1759615384615,91.3,13.095384615384619,2.67,9.49
complex_51,368.29555490138574,326.06296823030226,1041.3671875,1014.5983455882352,580.078125,568.2385110294117,38.6,1.1352941176470588,2.69,4.17
complex_52,368.60165856448594,326.9901205874494,1041.76171875,1015.5345982142857,580.078125,568.4625,33.8,1.0942857142857143,2.66,4.15
complex_53,360.8128601759197,310.9902819130662,1040.92578125,1014.33984375,2109.578125,1851.2888257575758,52.7,7.642424242424241,2.62,8.02
complex_54,360.5444305381723,309.90377321816203,1042.01953125,1014.673828125,2109.578125,1843.46728515625,99.7,12.015625,2.67,9.68
complex_55,368.0011775095645,325.2125769835937,1043.44921875,1016.7912454044117,580.078125,568.3561580882352,0.0,0.0,2.7,4.16
complex_56,369.70823798626964,329.9794500241663,1043.7265625,1017.8689732142857,580.078125,568.6910714285714,27.8,0.9228571428571429,2.66,4.16
complex_57,365.0222551928779,317.744965543894,1041.3515625,1008.2434895833334,580.078125,565.613425925926,8.1,0.3,2.68,4.17
complex_58,368.98625429553664,327.6809639477996,1040.921875,1014.2065217391304,580.078125,568.2941576086956,32.7,5.155072463768115,2.69,4.12
complex_59,358.91783567134206,303.20994954850994,1040.9375,996.0458984375,580.078125,560.15078125,26.7,3.4899999999999998,2.73,4.16
complex_06,369.0305976551351,329.1834344774049,1043.7578125,1017.9036830357143,580.078125,568.6910714285714,36.1,1.2628571428571427,2.67,4.16
complex_60,360.8328115216024,310.64794901449125,1045.21484375,1017.133056640625,2109.578125,1843.09228515625,99.7,9.415624999999999,2.69,8.8
complex_61,368.33431430253563,326.95859366159357,1042.6875,1015.9287683823529,580.078125,568.2385110294117,53.4,1.7029411764705882,2.7,4.17
complex_62,368.678245510742,327.63409995677455,1042.41015625,1016.2024356617648,580.078125,568.4738051470588,53.2,4.267647058823529,2.71,4.17
complex_63,343.3184855233846,276.0731635636384,1042.828125,993.3283420138889,2113.578125,1581.4921875,99.7,19.77777777777778,2.67,11.09
complex_64,355.05020673360286,292.9901514838999,1041.734375,988.5762867647059,580.078125,556.6341911764706,28.8,1.6941176470588235,2.73,4.16
complex_65,360.4003753518895,309.818284702997,1040.6171875,1012.7764892578125,2109.578125,1843.21728515625,99.7,10.921875,2.67,8.42
complex_66,309.55734406437045,222.32183407332784,1041.25390625,947.2748766447369,2109.578125,1211.9416118421052,99.7,29.694736842105264,2.71,8.12
complex_67,347.3282442748085,281.2993588527021,1040.9296875,996.867568597561,2109.578125,1693.4051067073171,74.4,12.439024390243903,2.69,8.13
complex_68,368.7279151943558,327.4751720399254,1041.1171875,1014.4202665441177,580.078125,568.2385110294117,32.7,2.776470588235294,2.7,4.14
complex_69,357.8586497890288,299.62073388601027,1041.88671875,994.1231496710526,580.078125,559.1019736842105,41.1,5.936842105263158,2.73,4.14
complex_07,336.9863013698546,256.60752797655766,1041.21484375,957.9953835227273,580.078125,543.1193181818181,33.3,10.145454545454545,2.78,4.17
complex_70,360.2628285356692,309.10659204337554,1040.75,1012.67431640625,2109.578125,1843.09228515625,99.7,6.1625000000000005,2.67,8.68
complex_71,360.48465266558117,309.541110780219,1040.87890625,1011.9608114919355,2109.578125,1875.1895161290322,81.2,7.0774193548387085,2.69,8.64
complex_72,355.6379821958452,297.78467875310366,1041.3828125,1007.9921875,2109.578125,1793.5949074074074,75.8,10.262962962962964,2.63,8.17
complex_73,361.89903846153794,308.98754558377766,1041.796875,1004.750625,580.078125,563.81625,32.8,4.12,2.71,4.14
complex_74,369.43094080641237,330.10920271842497,1041.94921875,1015.9142857142857,580.078125,568.6910714285714,39.6,1.7114285714285713,2.68,4.14
complex_75,339.2797319933112,260.8521937037768,1040.4375,964.1246744791666,580.078125,545.8658854166666,34.2,2.85,2.73,4.16
complex_76,369.0223792697287,327.8706665790957,1040.86328125,1013.9562150186567,580.078125,568.1812033582089,2.2,0.15223880597014924,2.71,4.14
complex_77,354.8831385642733,298.5235460287647,1041.4140625,1004.75341796875,2109.578125,1807.326171875,83.6,10.104166666666666,2.72,8.47
complex_78,360.98935504070585,310.9439459217123,1041.2890625,1013.61328125,2109.578125,1843.21728515625,66.5,11.218749999999998,2.68,7.9
complex_79,368.61937003238864,328.28676039156676,1040.95703125,1014.5079273897059,580.078125,568.3561580882352,28.9,1.0882352941176467,2.69,4.12
complex_08,361.1510791366877,311.7200921397474,1041.0703125,1013.85986328125,2109.578125,1843.46728515625,99.7,6.665625,2.64,7.85
complex_80,369.23076923076604,328.2730848158095,1043.2734375,1016.9674862132352,580.078125,568.4738051470588,2.3,0.1323529411764706,2.7,4.18
complex_81,361.88599151000085,313.3901118719751,1042.671875,1015.9211647727273,2109.578125,1851.410037878788,94.8,8.893939393939394,2.6,9.15
complex_82,293.8131313131286,211.97916013342507,1040.62109375,928.2392578125,2109.578125,1043.134765625,91.1,37.525000000000006,2.67,8.15
complex_83,365.3822055137836,324.0825357743482,1041.8515625,1016.0693359375,2109.578125,1844.46728515625,99.7,7.84375,2.68,9.35
complex_84,350.07511266901497,289.1538599084926,1040.9453125,997.179296875,2109.578125,1747.07578125,63.0,7.135,2.72,8.71
complex_85,361.06416275429535,311.5447986931202,1041.125,1013.25244140625,2109.578125,1843.21728515625,57.6,5.825000000000001,2.69,8.09
complex_86,368.71604232198763,327.248575193261,1042.05859375,1015.79140625,580.078125,568.5767857142857,46.1,1.5485714285714285,2.7,4.19
complex_87,368.86403766922194,329.138438433958,1041.83203125,1004.6154891304348,580.078125,563.8007246376811,50.7,4.985507246376811,2.71,4.13
complex_88,367.6881067961161,325.0993962778393,1041.046875,1013.693418560606,580.078125,567.8797348484849,39.5,1.196969696969697,2.72,4.13
complex_89,360.63829787234005,308.3227315469128,1042.94140625,1014.4684399801587,2109.578125,1838.9893353174602,93.1,7.885714285714285,2.69,8.31
complex_09,355.93314763230654,295.947836383324,1041.5234375,991.0575086805555,580.078125,557.9366319444445,28.1,1.5611111111111111,2.73,4.12
complex_90,369.0223792697287,328.59815037953973,1041.1484375,1014.9595588235294,580.078125,568.4738051470588,40.7,1.6735294117647057,2.66,4.09
complex_91,347.5450901803601,284.50670585905334,1041.33203125,996.863671875,2109.578125,1683.40078125,91.8,19.815000000000005,2.69,9.28
complex_92,369.4046937607369,329.61420211079303,1041.7578125,1015.5498883928572,580.078125,568.5767857142857,66.3,2.5257142857142854,2.7,4.16
complex_93,361.1632270168802,311.91019552680484,1041.60546875,1014.097412109375,2109.578125,1843.21728515625,69.1,8.112500000000002,2.7,8.72
complex_94,356.7053854276739,294.8181320586872,1041.27734375,991.8577913851351,580.078125,557.886402027027,46.7,2.5243243243243243,2.74,4.17
complex_95,340.8368200836872,263.0379071662648,1041.05859375,964.0260416666666,580.078125,545.8658854166666,35.7,2.975,2.75,4.14
complex_96,312.2736418510906,231.0232921651121,1040.67578125,951.792578125,2109.578125,1257.2234375,57.5,21.160000000000004,2.72,8.01
complex_97,359.82478097621987,308.0348461699523,1041.46875,1013.5264892578125,2109.578125,1843.09228515625,99.7,18.134375000000002,2.68,8.73
complex_98,356.2674094707377,293.63683906667046,1041.75390625,989.5213169642857,580.078125,557.3040178571429,34.3,1.9599999999999997,2.72,4.15
complex_99,336.2541806020108,266.83662918584963,1041.16796875,982.58125,2109.578125,1541.875,99.7,25.92,2.73,7.58
contextual_00,362.0329181494659,321.8493494208455,1074.3828125,1052.8678819444444,2428.078125,1678.7770833333334,99.7,17.39777777777778,2.17,19.4
contextual_01,362.2943530458017,323.1498884075173,1074.0703125,1052.7758680555555,2427.578125,1682.8104166666667,99.7,11.777777777777779,2.16,19.5
contextual_10,362.71676300577656,324.34067617261604,1073.38671875,1052.1388020833333,2420.328125,1682.7826388888889,99.7,13.108888888888892,2.16,19.32
contextual_11,359.1508052708677,317.10860409139053,1081.8125,1057.8557545731708,2489.328125,1576.1806402439024,99.7,11.45365853658537,2.09,20.11
contextual_12,347.571375602518,300.49519360916867,1078.8046875,1043.195601851852,2464.828125,1144.4282407407406,99.7,19.514814814814812,2.13,19.98
contextual_13,364.10623084779843,327.2254636522514,1081.578125,1061.450306056701,2484.328125,1714.0384987113403,99.7,33.641237113402056,2.06,19.88
contextual_14,364.75088269910077,328.63955329777565,1087.3203125,1067.821231617647,2537.078125,1730.6948529411766,99.7,13.2921568627451,2.03,20.27
contextual_15,363.265306122449,324.26598008833855,1081.8359375,1061.7918526785713,2490.078125,1725.7608418367347,30.6,6.591836734693875,2.04,20.05
contextual_16,351.6688918558073,305.82778299187726,1078.19140625,1045.3195842161017,2460.578125,1254.0087394067796,99.7,17.816949152542378,2.16,19.97
contextual_17,350.74289405684715,304.48144157749766,1088.92578125,1056.5464969758063,2536.328125,1210.133064516129,99.7,24.56129032258065,2.03,20.42
contextual_18,363.4447519693402,326.2653043987246,1077.68359375,1057.1043051861702,2458.078125,1683.162234042553,99.7,10.9468085106383,2.12,19.46
contextual_19,357.3374096720444,314.63818273835415,1075.25390625,1048.469509548611,2438.078125,1502.674045138889,99.7,16.516666666666666,2.1,19.78
contextual_02,363.4312473392897,324.979949822826,1076.73046875,1056.0171210106382,2452.578125,1697.8643617021276,99.7,12.872340425531915,2.11,19.53
contextual_20,357.91634590710566,314.1968930584818,1073.31640625,1048.5226362179487,2426.078125,1562.371794871795,99.7,18.125641025641023,2.15,19.5
contextual_21,356.5217391304344,313.8219969605016,1074.3046875,1046.8739955357144,2438.078125,1446.0625,99.7,15.35428571428572,2.15,19.57
contextual_22,364.12821559820657,327.08024292904526,1080.57421875,1060.5080943943299,2485.078125,1714.5307667525774,99.7,16.98350515463918,2.07,19.9
contextual_23,346.29080118694316,297.0311154735302,1078.4609375,1042.1588541666667,2466.328125,1089.3449074074074,99.7,21.27037037037037,2.1,19.88
contextual_24,362.5680087051157,322.10821934163215,1074.5703125,1053.4288383152175,2432.328125,1697.9575407608695,99.7,20.46739130434784,2.12,19.59
contextual_25,363.6938775510204,324.8822768276715,1081.78515625,1061.3648115335052,2487.828125,1716.3220038659795,96.5,14.284536082474226,2.08,19.9
contextual_26,361.6416552978588,323.1812678991972,1081.625,1059.4740767045455,2484.328125,1635.258877840909,99.7,43.05681818181815,2.1,19.84
contextual_27,358.4935475375272,317.20609775519847,1077.4296875,1052.0717516447369,2451.078125,1523.2216282894738,99.7,16.1921052631579,2.15,19.69
contextual_28,363.440626359283,325.2397861654817,1074.84375,1053.9561820652175,2438.078125,1706.022758152174,99.7,13.047826086956523,2.14,19.71
contextual_29,346.3818321785926,299.6419144404345,1077.03125,1039.7974759615386,2450.328125,1087.4224759615386,99.7,23.83461538461539,2.19,19.36
contextual_03,349.0883089024036,303.94374416050823,1079.92578125,1045.289341517857,2467.578125,1161.978236607143,99.7,17.414285714285715,2.13,19.93
contextual_30,364.8223764801925,327.37311713404034,1083.01171875,1062.8444346005156,2502.578125,1704.7008698453608,39.0,12.327835051546387,2.08,20.58
contextual_31,347.23767148683396,299.2605111956447,1084.59375,1048.0962094907406,2491.578125,1064.5208333333333,35.9,10.625925925925925,2.15,20.09
contextual_32,363.17215506461355,323.84044177745074,1078.375,1057.3252467105262,2464.828125,1714.0324013157895,99.7,10.722105263157895,2.07,20.0
contextual_33,362.3314484558538,323.5638912362031,1075.15234375,1054.0889945652175,2435.078125,1699.8923233695652,99.7,16.456521739130437,2.12,19.78
contextual_34,353.7295330503382,308.2532350934689,1083.0703125,1053.124053030303,2503.328125,1316.3645833333333,99.7,24.17272727272728,2.1,20.12
contextual_35,364.02613311556064,326.728720209121,1082.734375,1062.4634342783504,2479.828125,1710.9714884020618,99.7,29.921649484536076,2.05,19.66
contextual_36,362.54689453939466,323.27906259093055,1082.1640625,1061.8353678385417,2490.828125,1710.2438151041667,99.7,33.36666666666667,2.1,20.1
contextual_37,360.84940200147025,322.2260574153678,1085.8984375,1061.889767530488,2520.578125,1565.997713414634,99.7,20.10731707317073,2.07,20.41
contextual_38,354.63121783876943,309.4553619028252,1082.765625,1054.3021205357143,2491.578125,1420.705357142857,99.7,31.377142857142857,2.09,20.2
contextual_39,347.03484062267734,299.11811971433315,1077.55859375,1041.5716145833333,2463.328125,1143.3726851851852,99.7,13.76296296296296,2.15,19.96
contextual_04,357.3788248036886,315.6595797623461,1078.47265625,1051.0629222972973,2447.078125,1490.6714527027027,99.7,15.905405405405402,2.12,19.55
contextual_40,362.8911138923616,322.5943629777717,1078.9765625,1057.8824013157894,2464.078125,1681.9087171052631,99.7,13.938947368421049,2.11,19.57
contextual_41,349.7854077253214,304.7191225096678,1082.4296875,1047.4794921875,2492.328125,1160.18359375,99.7,29.107142857142865,2.09,20.29
contextual_42,362.6550598476619,323.3857141847864,1078.78515625,1057.4667119565217,2449.578125,1679.3271059782608,99.7,12.341304347826087,2.12,19.74
contextual_43,361.90584489424396,323.4729086067505,1086.33984375,1063.6497395833333,2524.578125,1583.9678520114942,99.7,13.747126436781612,2.04,20.14
contextual_44,364.39376309053387,325.09199905020006,1070.78515625,1048.5763989825582,2207.578125,1592.8677325581396,99.7,10.911627906976742,2.16,20.33
contextual_45,353.82049727107807,307.5753568554983,1073.91015625,1044.4949100378788,2432.328125,1408.78125,99.7,24.18484848484849,2.17,19.59
contextual_46,362.8775510204082,324.1247211577822,1083.75390625,1055.0724468427834,2485.078125,1710.9220360824743,99.7,20.46185567010309,2.09,19.84
contextual_47,363.2231404958712,324.173512353118,1073.734375,1052.61667239011,2433.078125,1694.7144574175825,99.7,20.232967032967036,2.14,19.61
contextual_48,-1,-1.0,-1,-1.0,-1,-1.0,-1,-1.0,-1,-1
contextual_49,363.22701688555156,323.739976806924,1079.65234375,1052.6743832236841,2453.328125,1702.6213815789474,99.7,10.541052631578948,2.08,19.45
contextual_05,361.9706320493669,321.9341832294154,1077.09765625,1056.3671043882978,2456.078125,1700.2367021276596,99.7,11.531914893617019,2.12,19.6
contextual_50,363.7765735723251,325.9424280409812,1081.328125,1061.004638671875,2483.578125,1705.4417317708333,99.7,14.485416666666666,2.09,19.84
contextual_51,362.5489343192727,322.7666692380231,1074.09375,1053.0849184782608,2437.078125,1678.4575407608695,99.7,11.182608695652176,2.11,19.55
contextual_52,362.64955405699885,322.88282098243866,1074.33203125,1053.3025645380435,2436.328125,1700.8705842391305,99.7,12.654347826086957,2.12,19.67
contextual_53,-1,-1.0,-1,-1.0,-1,-1.0,-1,-1.0,-1,-1
contextual_54,359.0143937545762,316.4321647857146,1078.44140625,1054.5619283536585,2471.078125,1562.345274390244,99.7,17.84146341463416,2.1,20.06
contextual_55,346.22786759046005,298.7487681205094,1081.41015625,1043.584735576923,2493.578125,1010.9417067307693,85.9,20.57692307692307,2.11,20.14
contextual_56,361.03431839847445,320.7296023433566,1080.07421875,1056.9368489583333,2459.578125,1612.4341517857142,99.7,15.461904761904764,2.14,19.85
contextual_57,352.59537210756207,307.5258631962063,1085.5703125,1054.0863095238096,2522.828125,1239.6599702380952,99.7,15.890476190476187,2.0,20.31
contextual_58,-1,-1.0,-1,-1.0,-1,-1.0,-1,-1.0,-1,-1
contextual_59,364.1308878699422,327.69064746325955,1087.5859375,1067.1099446614583,2521.328125,1679.9573567708333,99.7,11.877083333333333,2.07,20.27
contextual_06,351.6182849516153,305.82280208657477,1077.25,1044.487155720339,2457.578125,1259.0850105932204,99.7,20.44406779661017,2.14,19.92
contextual_60,360.9140518417498,321.59185411249985,1081.515625,1059.1998401988637,2486.578125,1636.6566051136363,26.0,0.640909090909091,2.1,19.86
contextual_61,358.75865606565986,317.3740464154509,1084.44140625,1058.9455661525974,2481.078125,1516.9730113636363,99.7,16.71428571428572,2.08,19.89
contextual_62,362.0281946339281,322.89884706974203,1074.109375,1052.5966796875,2427.578125,1665.883877840909,99.7,21.827272727272728,2.14,19.6
contextual_63,363.07658833768465,324.27803070746916,1074.38671875,1053.3741508152175,2434.328125,1699.305366847826,99.7,12.830434782608696,2.1,19.53
contextual_64,362.4193907049123,322.7630710908553,1073.21484375,1051.6077256944445,2424.578125,1676.454861111111,99.7,16.317777777777778,2.16,19.29
contextual_65,362.3832814584222,322.8525789254129,1074.15234375,1052.703125,2426.078125,1677.6215277777778,99.7,17.488888888888905,2.15,19.41
contextual_66,358.7190392794573,316.30750389724864,1073.1328125,1049.102734375,2418.078125,1579.089453125,99.7,12.7025,2.16,19.17
contextual_67,362.35508070016095,323.13812447315064,1078.07421875,1056.032137784091,2458.828125,1654.577059659091,99.7,13.854545454545457,2.12,19.92
contextual_68,361.70311772918006,322.8031447224195,1076.92578125,1054.562863372093,2456.828125,1634.7921511627908,99.7,11.904651162790701,2.14,19.55
contextual_69,362.45210727969686,322.35740021464284,1077.97265625,1057.1496010638298,2466.328125,1679.8803191489362,99.7,9.300000000000004,2.11,19.89
contextual_07,352.8359114346348,305.94045079674436,1076.8046875,1046.9489820075758,2435.078125,1409.910037878788,99.7,14.724242424242423,2.14,19.64
contextual_70,362.3388172521155,323.22057555926835,1073.0859375,1051.7934895833334,2421.078125,1678.4881944444444,99.7,18.251111111111115,2.14,19.2
contextual_71,357.7586206896458,315.05598146769023,1073.63671875,1046.986545138889,2418.828125,1532.146267361111,99.7,19.761111111111113,2.17,19.48
contextual_72,-1,-1.0,-1,-1.0,-1,-1.0,-1,-1.0,-1,-1
contextual_73,358.3446037327626,318.18877936941726,1078.57421875,1052.5936444256756,2468.328125,1468.0160472972973,99.7,13.724324324324328,2.08,19.85
contextual_74,346.1449498843417,297.37359723250745,1077.00390625,1039.4899662990197,2457.578125,1063.6743259803923,99.7,24.1686274509804,2.1,19.79
contextual_75,362.5585355470447,322.79774296613067,1078.59765625,1057.530668218085,2465.578125,1684.029255319149,99.7,13.6063829787234,2.11,19.93
contextual_76,363.4815918280502,325.8250883465651,1078.90625,1058.2651263297873,2467.578125,1689.688829787234,99.7,10.427659574468088,2.12,19.91
contextual_77,363.14668937620263,323.73488790651066,1079.15234375,1058.2890204973119,2455.328125,1691.617439516129,99.7,15.460215053763443,2.12,19.8
contextual_78,362.50521050438016,322.7954312135756,1078.29296875,1049.2064555921052,2459.578125,1675.5240131578948,99.7,12.058947368421054,2.13,19.42
contextual_79,357.3863636363721,315.5137183655001,1081.09375,1054.7212837837837,2481.828125,1473.299831081081,99.7,8.964864864864868,2.07,19.88
contextual_08,363.6098374322668,325.66851845689564,1077.87890625,1057.4488075657894,2464.828125,1687.2692434210526,99.7,11.134736842105266,2.09,19.77
contextual_80,349.4635193133156,303.57952445140893,1078.73046875,1036.197372159091,2468.328125,1124.2164772727272,99.7,19.334545454545456,2.13,19.9
contextual_81,362.6302626094102,324.3290664888293,1081.30859375,1060.541015625,2485.828125,1706.8271484375,99.7,26.189583333333328,2.08,20.0
contextual_82,363.15789473684555,324.9060338523879,1076.421875,1055.5409307065217,2450.328125,1680.0771059782608,99.7,13.923913043478263,2.15,19.47
contextual_83,355.963302752282,312.11144971062936,1077.515625,1050.5581597222222,2464.078125,1473.7782118055557,99.7,12.091666666666669,2.08,19.88
contextual_84,352.4241476384182,305.1984447794546,1077.51171875,1047.08349609375,2462.578125,1349.11572265625,99.7,17.81250000000001,2.07,19.88
contextual_85,363.2193494578744,324.0745884105633,1080.3671875,1059.7559210526315,2463.328125,1690.9324013157895,99.7,12.223157894736843,2.08,19.72
contextual_86,346.51335311573825,300.59977862687043,1077.77734375,1026.0208579009434,2465.578125,1073.433962264151,99.7,16.003773584905666,2.15,19.85
contextual_87,363.37518620983354,325.4408989472255,1078.59765625,1057.8321974734042,2464.828125,1683.7898936170213,99.7,12.219148936170217,2.12,19.78
contextual_88,363.5870698644504,326.2129198107258,1080.953125,1060.5125325520833,2483.578125,1705.4417317708333,99.7,39.48333333333331,2.1,19.83
contextual_89,356.8491247568791,313.43032172356936,1082.93359375,1055.496310763889,2498.828125,1425.3823784722222,47.2,17.40555555555555,2.05,20.46
contextual_09,363.25552313463584,325.1439468946775,1081.6171875,1061.056396484375,2486.578125,1707.4000651041667,99.7,33.79166666666665,2.1,20.04
contextual_90,363.6761944502377,325.1257428181213,1078.9453125,1058.3871710526316,2470.328125,1686.2955592105263,99.7,10.520000000000001,2.1,19.92
contextual_91,352.8359114346446,306.5291803883903,1078.109375,1048.2367424242425,2467.578125,1340.4251893939395,99.7,17.5060606060606,2.09,19.87
contextual_92,353.33737864076653,308.21732324572486,1086.6875,1056.2827888257575,2534.828125,1289.7054924242425,99.7,22.309090909090912,2.04,20.42
contextual_93,361.0727056019164,321.0265485941166,1079.06640625,1056.0454799107142,2471.828125,1584.6246279761904,99.7,14.940476190476193,2.08,19.84
contextual_94,363.22314049585685,325.1073682794714,1079.7265625,1058.5751528532608,2457.578125,1688.8923233695652,99.7,16.180434782608696,2.13,19.76
contextual_95,345.9938366718144,299.25001901447,1078.51171875,1040.9254807692307,2464.828125,1052.7974759615386,99.7,15.957692307692314,2.18,19.8
contextual_96,347.9421579532899,299.90106061081485,1072.62109375,1037.0873842592594,2419.578125,1198.039351851852,81.6,20.05925925925926,2.14,19.48
contextual_97,361.97783461210514,320.4331532934527,1079.01171875,1048.5871135752689,2450.328125,1677.153561827957,99.7,15.094623655913981,2.14,19.64
contextual_98,362.79699874948227,324.8270535489179,1078.36328125,1057.8288240131578,2464.078125,1691.4297697368422,99.7,9.513684210526318,2.09,19.81
contextual_99,361.7877337973066,320.932319898031,1078.30078125,1057.220023777174,2464.078125,1666.234714673913,99.7,10.689130434782609,2.11,19.81
conversational_00,348.68735083531004,286.4062117883676,1041.99609375,999.5509672619048,2109.578125,1703.6949404761904,92.6,11.814285714285713,2.68,9.93
conversational_01,347.7533460803047,283.7130554272449,1040.81640625,998.1363467261905,2109.578125,1703.313988095238,97.4,14.438095238095238,2.65,7.69
conversational_10,349.2843511450527,288.70041342523257,1041.3046875,999.1620163690476,2109.578125,1703.8854166666667,99.7,13.123809523809525,2.7,9.25
conversational_11,348.11275680840413,284.09696678167785,1041.66015625,999.1311383928571,2109.578125,1703.6949404761904,78.0,8.233333333333334,2.67,8.98
conversational_12,348.9526411657409,286.68215795802894,1042.2421875,1001.5065696022727,2109.578125,1664.4396306818182,34.6,5.122727272727273,2.67,10.57
conversational_13,301.2331838564998,218.31827581744008,1043.84375,943.8098958333334,2109.578125,1162.0729166666667,99.7,35.20000000000001,2.66,9.21
conversational_14,347.30052556142044,282.68542589687473,1042.91015625,1000.5704985119048,2109.578125,1703.5044642857142,83.0,9.995238095238097,2.69,8.65
conversational_15,346.8988549618465,282.49928417227943,1042.18359375,999.5282738095239,2109.578125,1703.6949404761904,74.9,14.595238095238095,2.68,9.42
conversational_16,346.7557251908241,282.1974756147488,1041.84375,998.8565848214286,2109.578125,1703.313988095238,99.7,13.938095238095238,2.69,8.49
conversational_17,349.04397705544807,287.46367889573503,1041.23046875,998.58984375,2109.578125,1703.5044642857142,55.3,7.304761904761904,2.67,9.69
conversational_18,349.0458015267321,288.1503855996959,1040.91796875,999.053943452381,2109.578125,1704.075892857143,94.4,14.557142857142853,2.69,9.13
conversational_19,349.37917860553114,289.0935252304424,1041.8828125,999.8098958333334,2109.578125,1703.8854166666667,63.1,9.919047619047618,2.68,9.33
conversational_02,348.23473282444195,284.57817598865995,1040.609375,998.1614583333334,2109.578125,1703.6949404761904,90.0,16.633333333333333,2.68,8.53
conversational_20,346.11349546972946,283.7547599751582,1041.1484375,998.5667782738095,2109.578125,1703.6949404761904,99.7,18.542857142857148,2.65,8.44
conversational_21,347.6827520305733,283.78484041693673,1041.40234375,998.5325520833334,2109.578125,1703.313988095238,51.3,13.361904761904762,2.64,9.28
conversational_22,348.5918854415456,288.15932238620303,1044.1875,1001.8152901785714,2109.578125,1703.8854166666667,92.5,12.59047619047619,2.65,9.81
conversational_23,335.719063545175,265.38093143894076,1042.0,982.8296875,2109.578125,1541.6083333333333,69.8,5.619999999999999,2.7,9.12
conversational_24,347.8987583572026,284.6906256653118,1041.80859375,999.7366071428571,2109.578125,1703.6949404761904,99.7,16.11904761904762,2.68,9.3
conversational_25,347.9216435738126,284.870130108296,1042.08203125,999.2877604166666,2109.578125,1703.5044642857142,99.7,14.847619047619052,2.65,9.31
conversational_26,348.74715261960733,286.68186958812527,1044.140625,1003.0101207386364,2109.578125,1721.9623579545455,99.7,14.181818181818182,2.59,10.05
conversational_27,346.51051625238887,281.2351066396929,1042.1328125,998.7289806547619,2109.578125,1703.123511904762,47.7,11.057142857142859,2.65,9.75
conversational_28,347.37595419845763,283.2484495986195,1040.8125,998.1439732142857,2109.578125,1703.5044642857142,77.8,13.285714285714286,2.68,8.82
conversational_29,349.7948016415822,288.4279943237436,1041.81640625,995.73828125,2109.578125,1656.5283430232557,85.7,8.64186046511628,2.67,10.32
conversational_03,350.4783599088722,289.97354025482923,1042.53515625,988.7140261627907,2109.578125,1656.9004360465117,52.9,6.84186046511628,2.67,10.53
conversational_30,347.49403341290594,284.58461203291154,1041.37890625,999.0106026785714,2109.578125,1703.6949404761904,99.7,12.538095238095238,2.68,8.21
conversational_31,347.70773638967637,283.46764288893655,1041.80859375,998.8387276785714,2109.578125,1703.5044642857142,99.7,15.338095238095242,2.69,9.46
conversational_32,348.185291308492,285.85165860176664,1041.94921875,999.4897693452381,2109.578125,1703.6949404761904,99.7,9.685714285714285,2.7,8.77
conversational_33,350.0911577028178,287.8668695878257,1042.7109375,1001.2465479651163,2109.578125,1664.4829215116279,99.7,13.281395348837213,2.66,10.38
conversational_34,348.73508353223775,287.0778020796527,1043.23828125,1001.1142113095239,2109.578125,1703.8854166666667,77.2,10.695238095238098,2.63,8.07
conversational_35,348.8772097467701,286.41212934870225,1040.7578125,998.2025669642857,2109.578125,1703.5044642857142,56.7,9.328571428571427,2.63,8.71
conversational_36,350.28625954196895,289.24430868241427,1041.875,999.7170758928571,2109.578125,1703.8854166666667,54.6,6.60952380952381,2.71,9.86
conversational_37,349.0205446727137,286.2442602863514,1042.78515625,1000.0366443452381,2109.578125,1703.5044642857142,68.7,7.67142857142857,2.71,8.57
conversational_38,348.80725190841144,286.3229293669841,1043.51953125,1001.0262276785714,2109.578125,1703.8854166666667,99.7,12.457142857142856,2.68,9.99
conversational_39,348.68735083531004,283.46764521725345,1041.21484375,998.0704077743902,2109.578125,1693.795350609756,74.5,8.278048780487804,2.7,8.47
conversational_04,346.9465648854805,282.906196586528,1042.40234375,999.514880952381,2109.578125,1653.5044642857142,80.7,6.480952380952381,2.69,9.8
conversational_40,348.52099236639646,285.70426716337164,1042.07421875,999.9341517857143,2109.578125,1703.8854166666667,99.7,18.147619047619045,2.69,9.7
conversational_41,349.4760820045732,286.64923524616404,1042.80859375,1001.71875,2113.578125,1668.0759943181818,77.8,11.981818181818182,2.65,11.2
conversational_42,350.09560229445384,289.0721494986516,1041.828125,1000.1504836309524,2109.578125,1704.075892857143,61.8,6.714285714285715,2.69,9.69
conversational_43,349.64234620888067,289.13340086066205,1041.88671875,999.7401413690476,2109.578125,1703.8854166666667,99.7,18.40952380952381,2.7,9.18
conversational_44,350.31026252982076,289.509636810452,1042.90234375,1000.9352678571429,2109.578125,1704.075892857143,99.7,9.709523809523809,2.68,10.5
conversational_45,350.45537340617796,289.56171213660053,1044.75,1003.8159520348837,2109.578125,1664.4829215116279,74.1,11.06046511627907,2.67,10.29
conversational_46,349.0458015267321,287.27007557849544,1041.765625,999.3513764880952,2109.578125,1703.6949404761904,99.4,19.333333333333336,2.65,8.91
conversational_47,349.73772055318216,288.88530845341313,1041.0546875,999.3563988095239,2109.578125,1704.075892857143,99.7,11.40952380952381,2.69,9.04
conversational_48,349.5706106870071,288.3054204780807,1042.2578125,999.6917782738095,2109.578125,1703.6949404761904,89.7,9.90952380952381,2.68,9.91
conversational_49,350.07159904536434,289.5632421206748,1041.81640625,999.9071800595239,2109.578125,1704.075892857143,63.8,9.085714285714285,2.7,9.82
conversational_05,348.9737470166943,286.54257157444545,1041.9765625,999.2589285714286,2109.578125,1703.6949404761904,99.7,14.147619047619045,2.69,9.52
conversational_50,350.1672240802627,289.32643118690413,1041.8671875,999.6404389880952,2109.578125,1703.6949404761904,71.8,8.566666666666666,2.68,9.5
conversational_51,350.02284148013723,287.54410765189976,1042.66796875,1001.57421875,2109.578125,1664.2578125,97.8,18.231818181818184,2.62,10.41
conversational_52,348.4978540772339,285.2675566440343,1041.578125,998.9477306547619,2109.578125,1703.5044642857142,85.5,16.614285714285717,2.68,8.97
conversational_53,348.35322195705874,284.6126377283452,1041.03515625,998.7918526785714,2109.578125,1703.5044642857142,99.7,7.714285714285713,2.64,9.39
conversational_54,347.9216435738126,282.835434724819,1043.8359375,1000.8584449404761,2109.578125,1703.313988095238,99.7,12.08095238095238,2.64,9.09
conversational_55,347.6394849785215,283.2314913246902,1042.3125,999.4337797619048,2109.578125,1653.5044642857142,90.1,9.59047619047619,2.71,9.65
conversational_56,347.2076372314915,281.5094102813888,1040.54296875,997.7931547619048,2109.578125,1703.5044642857142,99.7,12.780952380952382,2.7,8.24
conversational_57,348.30387004302594,284.6279384200896,1041.375,998.5474330357143,2109.578125,1653.5044642857142,96.3,7.82380952380952,2.71,9.3
conversational_58,349.81785063753665,286.2185035449048,1041.48828125,999.6310864825581,2109.578125,1664.1108284883721,99.7,15.586046511627908,2.67,10.13
conversational_59,348.90267175570943,285.82626399212035,1042.09765625,999.3431919642857,2109.578125,1703.5044642857142,99.7,18.919047619047618,2.7,9.59
conversational_06,348.47036328871775,285.80804280411417,1042.3046875,999.5366443452381,2109.578125,1703.5044642857142,61.6,7.361904761904761,2.66,9.78
conversational_60,348.6641221373888,286.1465521096491,1041.41796875,999.1119791666666,2109.578125,1703.8854166666667,99.7,11.92857142857143,2.68,8.58
conversational_61,350.84359325124933,291.00140151071935,1044.75,1003.7334872159091,2109.578125,1664.4396306818182,78.8,11.804545454545456,2.63,10.43
conversational_62,349.8568702290222,289.18789444405195,1042.5234375,1000.5139508928571,2109.578125,1704.075892857143,41.1,5.885714285714286,2.7,10.94
conversational_63,348.1329690345934,285.013290155286,1044.67578125,977.9364098837209,2109.578125,1656.15625,95.1,10.423255813953489,2.68,10.49
conversational_64,348.95264116576976,284.1487868250877,1041.98828125,1000.2764353197674,2109.578125,1654.0875726744187,99.7,27.2093023255814,2.68,10.19
conversational_65,348.42557251909847,284.6513200782639,1042.11328125,999.3606770833334,2109.578125,1703.5044642857142,53.4,9.77142857142857,2.69,10.06
conversational_66,349.283667621768,287.0346537099085,1042.21484375,999.5690104166666,2109.578125,1703.5044642857142,49.2,5.847619047619048,2.7,9.84
conversational_67,349.4258373205803,286.63606071964375,1041.05078125,998.5533854166666,2109.578125,1703.6949404761904,66.1,10.333333333333334,2.69,8.27
conversational_68,350.5007153075628,290.2682663987176,1041.08984375,998.8478422619048,2109.578125,1703.6949404761904,99.7,10.909523809523808,2.69,9.63
conversational_69,349.49784791965806,287.0691796052486,1041.94140625,998.8928571428571,2109.578125,1703.313988095238,99.7,12.557142857142859,2.69,9.24
conversational_07,349.80916030535803,289.41571893582307,1041.72265625,999.7847842261905,2109.578125,1703.8854166666667,53.4,8.519047619047617,2.67,9.34
conversational_70,348.37786259543435,284.55154174925696,1041.90625,999.2379092261905,2109.578125,1703.5044642857142,99.7,17.061904761904767,2.69,9.54
conversational_71,349.2932056543501,284.98521979018057,1041.9375,999.6669694767442,2109.578125,1653.9015261627908,99.6,14.413953488372094,2.66,10.47
conversational_72,349.64200477325755,287.9011649317473,1041.33984375,999.1781994047619,2109.578125,1703.8854166666667,88.1,12.442857142857143,2.69,8.93
conversational_73,349.11694510741677,286.66307093277203,1041.31640625,998.983630952381,2109.578125,1703.6949404761904,99.7,15.93809523809524,2.7,9.6
conversational_74,348.23473282441176,284.63023274761997,1041.2265625,998.401599702381,2109.578125,1703.5044642857142,55.1,6.9761904761904745,2.69,9.48
conversational_75,349.08842297173305,285.3903066240037,1041.86328125,984.7012172965116,2109.578125,1656.15625,99.7,10.030232558139534,2.67,10.85
conversational_76,347.7099236641366,284.1684772159485,1042.28515625,999.5792410714286,2109.578125,1653.6949404761904,99.7,12.428571428571429,2.68,9.87
conversational_77,348.0190930787771,284.6362656665416,1041.5546875,998.8143601190476,2109.578125,1703.5044642857142,99.7,14.609523809523807,2.72,9.51
conversational_78,349.0205446727137,286.50209493204176,1041.3828125,999.1627604166666,2109.578125,1703.6949404761904,99.7,16.928571428571427,2.69,8.37
conversational_79,350.9571558796637,289.00879560408833,1041.76171875,1000.362917877907,2109.578125,1713.3201308139535,67.7,4.837209302325581,2.63,10.74
conversational_08,349.8087954110887,288.29045313189243,1042.0546875,999.5433407738095,2109.578125,1703.6949404761904,95.2,13.800000000000002,2.68,8.57
conversational_80,349.2843511450527,287.2109612202952,1040.98046875,998.7979910714286,2109.578125,1703.8854166666667,99.7,17.166666666666668,2.71,8.87
conversational_81,333.7401292175092,259.041801679173,1041.515625,975.8703703703703,2109.578125,1478.5005787037037,89.1,17.911111111111108,2.71,10.04
conversational_82,349.8806682577444,289.1383914449046,1042.28515625,1000.1015625,2109.578125,1703.8854166666667,50.3,10.942857142857147,2.69,9.5
conversational_83,350.4534606205129,290.0406744081668,1042.1796875,999.8610491071429,2109.578125,1703.8854166666667,99.7,16.966666666666665,2.69,9.9
conversational_84,348.8538681948642,286.259155919227,1041.23828125,998.6540178571429,2109.578125,1703.6949404761904,99.7,16.776190476190475,2.68,8.33
conversational_85,350.62022900764816,290.2408306772086,1041.875,999.9337797619048,2109.578125,1704.075892857143,47.3,6.995238095238095,2.67,10.13
conversational_86,350.9571558796637,289.32059256776614,1042.70703125,1000.9624818313954,2109.578125,1664.1108284883721,99.7,14.302325581395355,2.67,10.5
conversational_87,346.82577565631254,281.28909365313507,1041.4765625,998.343005952381,2109.578125,1703.313988095238,99.7,19.23809523809524,2.72,8.25
conversational_88,349.83261597322104,287.95059736739995,1042.015625,999.7626488095239,2109.578125,1703.5044642857142,94.0,17.200000000000003,2.68,9.57
conversational_89,349.2124105012115,288.7073896569894,1042.1953125,999.8497023809524,2109.578125,1703.8854166666667,66.3,15.757142857142858,2.66,9.76
conversational_09,347.6622137404423,283.6947002518312,1041.02734375,998.8177083333334,2109.578125,1703.6949404761904,99.7,14.080952380952377,2.67,9.34
conversational_90,351.61878704969894,290.04423601827716,1042.17578125,1000.6150981104652,2113.578125,1657.7154796511627,99.7,15.251162790697675,2.68,11.34
conversational_91,349.1412213740301,287.0433248744542,1041.44140625,999.1742931547619,2109.578125,1703.6949404761904,51.5,7.961904761904763,2.68,8.5
conversational_92,347.27793696277246,282.6222865630645,1046.265625,1002.7758556547619,2109.578125,1703.5044642857142,99.7,15.661904761904763,2.71,9.36
conversational_93,348.78048780488047,284.7583583872597,1041.33203125,998.1979166666666,2109.578125,1703.313988095238,99.7,13.033333333333335,2.69,10.13
conversational_94,349.09351145036595,287.89331941099726,1043.49609375,1001.2658110119048,2109.578125,1703.8854166666667,59.6,7.076190476190479,2.69,9.33
conversational_95,348.5659655831728,284.98454483275754,1040.9140625,998.1270461309524,2109.578125,1703.5044642857142,99.7,16.938095238095237,2.69,8.74
conversational_96,348.73628993801753,285.3322103694315,1041.1875,998.565662202381,2109.578125,1703.5044642857142,99.7,16.51904761904762,2.67,9.0
conversational_97,348.4486873508535,284.6766454022998,1043.32421875,1000.4166666666666,2109.578125,1703.5044642857142,60.1,12.63809523809524,2.68,9.01
conversational_98,345.02737226277253,279.61139909534126,1041.62109375,1000.0046164772727,2109.578125,1664.0759943181818,92.3,9.781818181818183,2.69,8.71
conversational_99,348.4255725190683,284.5014691078139,1043.72265625,1001.1863839285714,2109.578125,1703.8854166666667,99.7,14.942857142857147,2.7,10.6
simple_00,355.2338530066988,293.99318544764316,1040.91015625,990.3682725694445,580.078125,557.9366319444445,38.7,2.1500000000000004,2.71,4.14
simple_01,355.49682875264136,293.20602785938064,1041.40234375,993.6114309210526,580.078125,559.1019736842105,2.3,0.12105263157894736,2.75,4.15
simple_10,332.6961770623572,249.59532661978378,1040.23828125,949.597265625,580.078125,539.8234375,53.4,9.94,2.77,4.13
simple_11,357.9739217652867,298.99591341538996,1041.55078125,995.48515625,580.078125,559.75078125,35.3,8.014999999999997,2.71,4.14
simple_12,357.46492985973504,297.9894837087906,1044.0078125,997.780078125,580.078125,559.75078125,30.7,1.535,2.73,4.18
simple_13,342.9161747343831,276.4313255171588,1040.4140625,988.6727941176471,2109.578125,1608.4283088235295,99.7,18.01176470588235,2.69,8.27
simple_14,358.55494229803793,299.9067369559929,1041.74609375,995.8490234375,580.078125,559.95078125,21.2,1.1700000000000002,2.73,4.16
simple_15,358.0390089614962,300.35754177905267,1041.59765625,994.1700246710526,580.078125,559.3125,44.8,2.357894736842105,2.74,4.17
simple_16,357.8891820580337,300.1682327125066,1041.25390625,993.6792763157895,580.078125,559.1019736842105,31.8,1.6736842105263159,2.72,4.18
simple_17,357.17871485943647,296.7937754942104,1041.5703125,995.3998046875,580.078125,559.55078125,32.8,4.1,2.73,4.13
simple_18,349.03225806454344,279.8679126399723,1042.1015625,977.3323102678571,580.078125,551.6104910714286,22.6,3.4499999999999997,2.73,4.18
simple_19,357.77331995987055,297.60347496791826,1041.39453125,994.3418469551282,580.078125,559.2295673076923,44.7,2.2923076923076926,2.74,4.14
simple_02,355.7783641160813,294.5209897160625,1041.41015625,993.2666529605264,580.078125,558.891447368421,50.0,2.6315789473684212,2.74,4.13
simple_20,339.82300884954293,269.39398571176525,1041.48828125,988.9471507352941,2109.578125,1608.1930147058824,85.6,10.929411764705879,2.72,8.5
simple_21,357.37211634903804,296.8847120964419,1041.12890625,994.7935546875,580.078125,559.75078125,18.8,1.1600000000000004,2.72,4.17
simple_22,339.90554899648436,269.4429553220655,1040.5,988.2424172794117,2109.578125,1608.1930147058824,90.3,16.323529411764707,2.68,8.61
simple_23,357.10698141637624,295.6941931463004,1043.78125,996.873046875,580.078125,559.55078125,40.1,2.005,2.72,4.19
simple_24,342.2169811320564,274.5218435205711,1041.17578125,989.1050091911765,2109.578125,1608.4283088235295,98.2,14.605882352941178,2.72,8.68
simple_25,359.1365461847377,302.34160085035444,1041.3671875,995.8376953125,580.078125,559.95078125,33.0,5.24,2.7,4.15
simple_26,359.36873747496566,303.17688980633955,1041.859375,996.960546875,580.078125,560.35078125,8.4,0.42000000000000004,2.71,4.18
simple_27,339.89361702127513,268.7838399999195,1043.03515625,990.19140625,2109.578125,1607.9577205882354,99.7,18.382352941176467,2.74,7.85
simple_28,357.06751054853964,297.6646147747162,1041.6796875,993.8928865131579,580.078125,558.891447368421,26.4,1.5052631578947369,2.74,4.17
simple_29,357.593984962393,298.32209166453333,1041.8046875,996.21953125,580.078125,559.95078125,46.9,2.3449999999999998,2.73,4.12
simple_03,358.99749373432275,301.71714312469607,1041.19921875,994.6996193910256,580.078125,559.4346955128206,50.7,5.102564102564102,2.71,4.13
simple_30,357.0426065162777,296.4709682355016,1043.640625,997.3138671875,580.078125,559.55078125,42.5,2.9349999999999996,2.72,4.12
simple_31,359.0065228298994,300.28626773490146,1041.55078125,994.9442107371794,580.078125,559.6398237179487,24.0,4.076923076923077,2.72,4.12
simple_32,358.3959899749243,301.63271359232465,1043.5703125,998.0494140625,580.078125,560.15078125,24.4,1.22,2.67,4.09
simple_33,357.321965897684,297.0894382122649,1043.9921875,997.6734375,580.078125,559.75078125,44.1,2.205,2.7,4.14
simple_34,358.79396984922,299.80529004973215,1041.40625,994.8056891025641,580.078125,559.2295673076923,22.7,1.276923076923077,2.72,4.12
simple_35,359.14786967420514,303.3121299040355,1042.0625,997.176171875,580.078125,560.15078125,34.1,1.705,2.71,4.14
simple_36,354.68671679196706,293.213526805906,1045.37109375,978.8949318910256,580.078125,550.6642628205128,39.4,4.148717948717948,2.74,4.16
simple_37,355.01113585744235,291.24890326188506,1041.53515625,989.39296875,580.078125,557.0754464285715,33.1,7.422857142857142,2.7,4.11
simple_38,358.01603206411124,300.6747263076618,1041.109375,995.62265625,580.078125,560.15078125,23.2,1.16,2.71,4.14
simple_39,357.5356953992624,298.9370769328769,1041.70703125,993.7732319078947,580.078125,558.891447368421,11.6,0.6105263157894737,2.72,4.15
simple_04,359.4188376753664,301.9328947656542,1041.71875,995.4216746794872,580.078125,559.8449519230769,52.4,5.9743589743589745,2.71,4.13
simple_40,356.9092827004384,298.7868413161419,1040.76171875,993.4348273026316,580.078125,559.1019736842105,25.7,1.5894736842105264,2.71,4.1
simple_41,338.92498523330784,267.78113290205215,1040.609375,987.4080882352941,2109.578125,1607.7224264705883,68.7,13.294117647058824,2.63,7.76
simple_42,357.67810026383853,300.60123713046795,1041.41015625,994.0606496710526,580.078125,559.1019736842105,36.7,4.1,2.73,4.09
simple_43,354.67511885898267,291.7176968445903,1040.3984375,991.8912417763158,580.078125,558.4703947368421,42.9,8.331578947368422,2.73,4.14
simple_44,359.39849624062117,303.748291531813,1043.953125,998.5841796875,580.078125,560.15078125,16.9,0.845,2.71,4.13
simple_45,357.75213246361744,298.3598966789479,1043.375,997.7142578125,580.078125,560.15078125,34.4,1.72,2.67,4.17
simple_46,357.593984962393,298.6117207754663,1041.515625,995.534765625,580.078125,559.95078125,16.3,0.9250000000000002,2.72,4.16
simple_47,356.49774209733545,294.63944346873495,1040.59375,994.109375,580.078125,559.0244391025641,41.7,2.1384615384615384,2.64,4.14
simple_48,340.88495575223436,272.4234013603277,1043.40234375,991.0284926470588,2109.578125,1608.1930147058824,99.7,20.317647058823532,2.7,7.72
simple_49,357.33896515310556,299.07320482912974,1043.28515625,995.51953125,580.078125,559.1019736842105,33.2,5.778947368421053,2.67,4.15
simple_05,341.2389380530827,272.28622401304847,1040.31640625,988.1105238970588,2109.578125,1608.1930147058824,99.7,17.394117647058824,2.72,7.95
simple_50,342.841225626727,276.42552618358087,1041.26953125,973.70078125,2109.578125,1613.2026785714286,99.7,15.645714285714286,2.69,8.65
simple_51,343.42182890853985,277.95815488221024,1041.44921875,990.1633731617648,2109.578125,1608.6636029411766,45.1,7.952941176470589,2.7,8.92
simple_52,356.6482689413219,295.83080433534644,1041.9609375,995.437109375,580.078125,559.55078125,33.7,1.9100000000000001,2.72,4.16
simple_53,357.88683024537977,300.0641088361673,1041.43359375,996.2330078125,580.078125,560.15078125,45.4,2.27,2.66,4.17
simple_54,341.27358490564137,274.5553907927965,1041.2421875,989.6139705882352,2109.578125,1608.4283088235295,78.0,12.629411764705884,2.7,7.64
simple_55,342.1985815602822,275.01638926404445,1041.0,988.7074908088235,2109.578125,1608.1930147058824,94.0,15.45294117647059,2.66,8.58
simple_56,354.77572559365393,292.27972069188684,1041.24609375,992.99609375,580.078125,558.6809210526316,45.8,2.4105263157894736,2.72,4.18
simple_57,359.44862155390433,303.18066038694724,1043.34375,997.1213942307693,580.078125,559.8449519230769,52.1,2.671794871794872,2.73,4.11
simple_58,359.19799498745556,302.9430855621158,1044.1640625,998.5701171875,580.078125,560.35078125,25.9,1.5150000000000001,2.71,4.18
simple_59,335.10540788268094,252.42125231330712,1040.41015625,957.0671164772727,580.078125,542.7556818181819,25.2,2.290909090909091,2.78,4.13
simple_06,341.22858830477855,268.74613492927125,1040.1328125,985.8562973484849,2109.578125,1592.7571022727273,97.8,21.303030303030305,2.72,8.22
simple_60,339.86189579409296,269.5716998567728,1040.984375,985.82763671875,2109.578125,1656.2001953125,48.7,10.5375,2.73,8.56
simple_61,340.50707547171567,272.649484266197,1041.1484375,988.94140625,2109.578125,1608.4283088235295,72.8,14.276470588235298,2.66,7.57
simple_62,354.6990496304023,292.29142546937595,1041.17578125,993.1120476973684,580.078125,558.6809210526316,45.6,7.189473684210526,2.71,4.15
simple_63,357.38396624470795,299.4515829742453,1041.43359375,993.9572368421053,580.078125,559.3125,54.3,2.857894736842105,2.74,4.18
simple_64,349.46236559137964,282.0764463040099,1041.55859375,977.2156808035714,580.078125,551.6104910714286,37.6,2.685714285714286,2.72,4.15
simple_65,348.29202947085724,277.5972954946449,1041.984375,980.115625,580.078125,552.7083333333334,39.5,2.7800000000000002,2.69,4.13
simple_66,356.35997988940204,294.1866052195087,1043.69140625,996.7712890625,580.078125,559.35078125,44.3,2.325,2.71,4.11
simple_67,358.1081081081159,301.24782094443543,1041.734375,996.5216796875,580.078125,560.15078125,30.5,1.525,2.7,4.14
simple_68,335.3803849679239,252.89726533224405,1043.37109375,960.7737926136364,580.078125,543.4829545454545,8.1,1.1909090909090911,2.74,4.11
simple_69,355.2562070787056,293.56155498716504,1041.12890625,992.938322368421,580.078125,558.4703947368421,42.7,7.0210526315789465,2.7,4.14
simple_07,357.75316455694417,299.23654310982363,1041.2890625,993.8034539473684,580.078125,558.891447368421,32.0,1.9210526315789473,2.72,4.19
simple_70,332.2613065326391,248.5749391110049,1043.2109375,951.879296875,580.078125,539.4234375,33.7,3.37,2.85,4.14
simple_71,339.79952830190433,270.5927481798676,1041.33984375,989.0181525735294,2109.578125,1608.1930147058824,51.6,9.11764705882353,2.7,8.2
simple_72,354.99207606972516,293.0454113324049,1040.77734375,992.5758634868421,580.078125,558.4703947368421,17.5,0.9210526315789473,2.71,4.1
simple_73,356.4629258516865,295.565309403747,1041.34765625,995.966015625,580.078125,560.35078125,2.3,0.225,2.72,4.16
simple_74,341.5239220318902,273.93622402118126,1044.234375,991.5636488970588,2109.578125,1608.1930147058824,55.5,12.841176470588236,2.69,9.11
simple_75,358.60511791272194,300.78643473026216,1041.0,994.4973958333334,580.078125,559.6398237179487,8.1,0.9076923076923077,2.71,4.11
simple_76,359.5691382765688,304.43313357593706,1042.05078125,996.79921875,580.078125,560.35078125,40.3,6.725,2.7,4.18
simple_77,355.6025369978845,293.63306518595124,1041.0546875,992.9004934210526,580.078125,558.4703947368421,40.3,2.121052631578947,2.75,4.15
simple_78,305.36312849159526,227.64893175736708,1041.375,943.2573784722222,2109.578125,1162.9618055555557,99.7,28.444444444444443,2.72,8.92
simple_79,354.89386792450847,294.6518399536818,1040.1640625,987.7693014705883,580.078125,556.8694852941177,31.5,1.8529411764705883,2.76,4.15
simple_08,357.1285140562236,296.2571228462938,1041.8046875,994.9509765625,580.078125,559.55078125,3.3,0.16499999999999998,2.72,4.14
simple_80,355.7082452431618,293.5108859639921,1042.76171875,994.0002055921053,580.078125,558.2598684210526,16.7,1.110526315789474,2.75,4.17
simple_81,358.9679358717592,303.92778246491724,1043.875,998.5169921875,580.078125,560.15078125,15.3,0.765,2.71,4.19
simple_82,340.0354819633382,270.5695417692751,1043.25,990.2679227941177,2109.578125,1607.9577205882354,51.8,9.876470588235295,2.7,7.53
simple_83,357.12694877503685,298.83301022117945,1041.91015625,992.2016059027778,580.078125,558.3810763888889,32.6,8.36111111111111,2.73,4.17
simple_84,337.8761061946758,266.29131718233344,1040.34765625,987.9551930147059,2109.578125,1608.1930147058824,88.6,15.041176470588239,2.7,7.89
simple_85,341.08786610881776,263.53529211161424,1041.80078125,931.6243206521739,580.078125,530.898097826087,18.1,1.5739130434782609,2.81,4.15
simple_86,357.6781002638728,300.30220718109695,1040.83984375,993.8735608552631,580.078125,559.3125,20.4,1.0736842105263158,2.71,4.16
simple_87,358.1115017579132,299.62149646249543,1041.35546875,995.640234375,580.078125,559.95078125,41.9,2.32,2.71,4.16
simple_88,356.33450175260816,295.86604435869987,1041.94140625,996.3962890625,580.078125,559.75078125,40.6,2.0300000000000002,2.73,4.14
simple_89,358.8353413654605,301.6831978692834,1042.00390625,996.18671875,580.078125,559.95078125,11.9,1.405,2.7,4.13
simple_09,357.59493670887724,299.08526988853237,1041.0390625,993.5662006578947,580.078125,559.1019736842105,47.1,2.9052631578947365,2.73,4.15
simple_90,358.0160320641439,300.3593641333557,1041.92578125,996.4439453125,580.078125,560.15078125,38.5,5.655000000000001,2.65,4.14
simple_91,356.5010570824511,296.14755021336873,1040.89453125,992.7884457236842,580.078125,558.6809210526316,33.6,1.7684210526315791,2.71,4.17
simple_92,340.2882205513583,272.41686525327464,1041.11328125,986.266845703125,2109.578125,1656.2001953125,43.9,6.581250000000001,2.73,8.47
simple_93,359.1182364729616,302.044634484078,1043.28515625,997.8933293269231,580.078125,560.0500801282051,2.2,0.22564102564102567,2.66,4.16
simple_94,341.5094339622817,274.52285041513886,1041.19921875,989.2961856617648,2109.578125,1608.4283088235295,96.4,15.899999999999997,2.72,8.09
simple_95,356.5539112050726,296.27874978438837,1040.75390625,993.3694490131579,580.078125,558.891447368421,23.4,1.6578947368421053,2.71,4.17
simple_96,354.83870967742206,291.96061689125844,1041.06640625,992.6578947368421,580.078125,558.4703947368421,42.3,6.789473684210525,2.7,4.12
simple_97,358.86773547092486,301.9161825830843,1041.9296875,996.61171875,580.078125,560.15078125,21.6,2.84,2.69,4.12
simple_98,341.63217031342697,274.58084117744613,1041.36328125,989.0236672794117,2109.578125,1608.4283088235295,58.5,13.311764705882354,2.68,8.2
simple_99,357.22573839664096,298.6573973646415,1041.375,994.0378289473684,580.078125,559.1019736842105,21.9,1.1526315789473685,2.74,4.15
task-oriented_00,342.11913547708093,280.7321028645598,1050.0859375,1002.5178865131579,2131.078125,1413.9967105263158,99.7,14.394736842105264,2.53,15.73
task-oriented_01,356.813627254503,306.62259128893135,1051.3515625,1021.0673177083333,2133.078125,1636.6098958333334,99.7,16.40000000000001,2.49,16.07
task-oriented_10,363.48788198104097,320.90098338992595,1056.41796875,1032.1887335526317,2145.078125,1685.9979440789473,99.7,13.57105263157895,2.35,19.56
task-oriented_11,355.2377547372268,302.0531681066032,1053.84765625,1020.7679966517857,2137.828125,1560.076450892857,99.7,14.878571428571428,2.46,17.95
task-oriented_12,368.6549932653501,331.80785479879546,1054.5625,1036.998046875,2139.328125,1828.3272235576924,99.7,10.840384615384616,2.39,18.01
task-oriented_13,370.55329790558756,337.5460220095486,1066.1796875,1051.2103223425197,2161.578125,1786.5616387795276,99.7,10.59685039370079,2.2,19.92
task-oriented_14,367.3265219242265,328.4201364253453,1054.30859375,1034.925116356383,2138.828125,1794.7632978723404,99.7,10.693617021276598,2.41,18.02
task-oriented_15,370.01228285664297,334.5253768297486,1057.29296875,1040.9233826754387,2148.578125,1820.0597587719299,97.9,8.071929824561403,2.31,20.06
task-oriented_16,367.9419266235088,329.62626188188113,1053.953125,1028.7085861650485,2134.078125,1841.5136529126214,99.7,6.683495145631071,2.46,16.83
task-oriented_17,367.0696123384777,327.6975634611763,1047.015625,1028.0445149739583,2113.578125,1883.0250651041667,57.3,6.025000000000002,2.51,15.12
task-oriented_18,367.36538461538464,329.4382571862579,1051.0,1033.4466646634614,2131.578125,1869.5483774038462,99.7,10.11923076923077,2.41,15.82
task-oriented_19,368.82683892477763,330.0212824149203,1046.328125,1027.4365953947367,2113.578125,1880.7666118421052,74.9,5.387368421052631,2.53,15.45
task-oriented_02,368.06816077051457,330.2900847608943,1054.09765625,1036.9524739583333,2140.078125,1840.493923611111,99.7,4.05,2.38,18.12
task-oriented_20,367.28128677913224,327.819187740003,1051.03125,1032.9996170343138,2131.828125,1843.9056372549019,99.7,8.68823529411765,2.46,15.95
task-oriented_21,367.57657845384625,328.1347659633563,1048.03515625,1028.864013671875,2117.578125,1860.4938151041667,84.7,6.089583333333334,2.53,16.09
task-oriented_22,363.8819409704892,320.23798593333186,1054.9921875,1031.72255859375,2143.828125,1707.564453125,99.7,8.397500000000004,2.36,18.95
task-oriented_23,367.6104190260506,329.1429082531299,1055.11328125,1037.5654481132076,2135.578125,1854.3130896226414,99.7,5.209433962264152,2.41,17.12
task-oriented_24,364.5153608001924,323.2224284194276,1050.18359375,1028.584449404762,2131.828125,1807.493675595238,99.7,6.650000000000001,2.47,16.02
task-oriented_25,369.3161149508942,332.5597724567831,1054.78125,1037.8084862385322,2140.328125,1843.4832282110092,99.7,4.590825688073394,2.36,18.56
task-oriented_26,370.316127879968,335.50488119124753,1056.7109375,1040.18310546875,2146.328125,1834.693359375,32.7,2.9499999999999997,2.33,19.88
task-oriented_27,369.10347335879396,333.8074738027554,1054.69140625,1037.7902698863636,2141.328125,1828.0545454545454,76.9,3.8127272727272725,2.36,18.49
task-oriented_28,363.26437826777493,320.1173017671707,1058.21484375,1036.715921336207,2150.078125,1661.4448635057472,99.7,15.46896551724138,2.34,18.42
task-oriented_29,367.66685901134986,328.3043007245534,1052.3125,1034.4879807692307,2134.578125,1847.942608173077,99.7,10.67692307692308,2.44,17.0
task-oriented_03,360.25485436892166,310.22630746801116,1047.68359375,1019.8165246212121,2117.578125,1743.5160984848485,48.7,5.499999999999999,2.53,16.17
task-oriented_30,356.856856856843,307.21783604220394,1055.984375,1025.1990885416667,2144.078125,1562.5098958333333,91.3,9.359999999999998,2.38,19.28
task-oriented_31,368.5305081420491,330.9632669974372,1050.8203125,1033.0139232673268,2132.078125,1862.3247215346535,99.7,7.594059405940593,2.48,16.16
task-oriented_32,370.4715034132308,337.83601952081983,1066.28515625,1042.9324557086613,2161.828125,1784.1734744094488,99.7,11.933858267716532,2.21,20.04
task-oriented_33,357.5433911882614,306.93084769370495,1056.16796875,1025.329296875,2144.078125,1562.5098958333333,99.7,9.909999999999998,2.41,19.05
task-oriented_34,370.54385964912285,336.7546077021839,1057.640625,1041.456208881579,2149.828125,1821.40625,99.7,8.677192982456143,2.33,20.19
task-oriented_35,369.1636363636364,333.09380896269795,1055.05078125,1038.2159801136363,2141.328125,1824.1363636363637,99.7,8.450909090909093,2.37,18.28
task-oriented_36,363.63170043599433,318.87771912008446,1057.08984375,1033.2292512175325,2148.828125,1662.6450892857142,99.7,12.399999999999999,2.34,20.07
task-oriented_37,369.619574924083,333.596492137213,1055.40625,1038.940150669643,2145.078125,1833.488002232143,93.1,6.0125,2.34,19.29
task-oriented_38,364.2009769713751,320.2512912197476,1052.41796875,1023.2770680147058,2134.578125,1780.035294117647,78.8,7.5482352941176485,2.42,16.82
task-oriented_39,368.59726765443355,331.29465827447643,1051.42578125,1033.8104717548076,2134.078125,1847.5387620192307,99.7,5.707692307692308,2.44,16.66
task-oriented_04,369.2125841062026,332.11624290438414,1054.5703125,1037.5490252293578,2139.328125,1842.5199254587155,67.7,7.800917431192662,2.35,18.33
task-oriented_40,348.80725190841144,287.2344723714728,1048.75,1005.6285342261905,2118.078125,1530.5997023809523,78.6,8.34761904761905,2.57,17.23
task-oriented_41,370.51597051594973,336.15429981161697,1057.0703125,1041.0472206858408,2147.578125,1816.40030420354,99.7,10.447787610619468,2.33,20.0
task-oriented_42,369.1581728954353,333.30842582491505,1053.7890625,1036.6014887971698,2137.578125,1836.652712264151,99.7,7.450943396226414,2.42,17.71
task-oriented_43,369.8737911817832,336.2196799344844,1059.07421875,1044.0786092458677,2153.078125,1801.7137138429753,99.7,12.677685950413224,2.24,19.2
task-oriented_44,369.0014294465912,331.86310919619257,1049.06640625,1030.6031568877552,2118.078125,1866.3832908163265,37.2,3.312244897959184,2.51,16.96
task-oriented_45,368.8679245283019,332.3768817318452,1053.0390625,1035.7794811320755,2137.578125,1856.3885613207547,99.7,6.077358490566038,2.41,17.78
task-oriented_46,364.4439152179267,320.2781322459367,1051.03125,1029.1015625,2132.828125,1779.1402484939758,92.0,13.679518072289158,2.47,16.34
task-oriented_47,369.97141836370423,335.21054051414467,1055.6796875,1039.1962890625,2142.328125,1830.836216517857,99.7,4.839285714285714,2.31,18.71
task-oriented_48,342.68224819140795,276.57995282751665,1049.375,998.8200954861111,2118.078125,1432.6866319444443,83.3,15.044444444444448,2.52,17.14
task-oriented_49,368.9885142645454,333.19918364557594,1054.44140625,1037.3798466435185,2139.078125,1839.530960648148,94.3,7.472222222222225,2.39,18.15
task-oriented_05,368.032313906522,331.24032985521404,1049.609375,1032.320087139423,2118.578125,1857.1253004807693,99.7,8.819230769230773,2.39,15.35
task-oriented_50,365.2421004773679,322.99904594287347,1051.4921875,1030.6388290229886,2133.078125,1795.6402658045977,99.7,11.183908045977013,2.39,16.4
task-oriented_51,367.0427932723208,326.1017513483211,1045.77734375,1026.4360039893618,2113.578125,1878.1196808510638,76.4,8.061702127659576,2.57,14.59
task-oriented_52,368.25454545454545,331.05148755945373,1053.984375,1037.0522017045455,2139.328125,1845.2181818181818,99.7,9.81636363636364,2.33,18.09
task-oriented_53,369.1296296296297,333.2177529136984,1053.6953125,1036.636646412037,2139.328125,1839.845775462963,79.4,4.775925925925928,2.39,18.13
task-oriented_54,368.875,332.22755878383924,1055.89453125,1039.3763950892858,2143.828125,1832.2826450892858,99.7,6.8678571428571455,2.34,19.03
task-oriented_55,365.7011877474352,326.6137688499387,1061.22265625,1041.722412109375,2156.078125,1686.6396484375,99.7,10.827083333333333,2.27,19.41
task-oriented_56,367.70532794767087,330.0760384007929,1054.5625,1036.8149038461538,2134.578125,1848.01953125,83.0,8.059615384615386,2.44,16.82
task-oriented_57,369.39285714285717,332.6360339113624,1054.5234375,1037.8341779279278,2142.328125,1827.957911036036,75.8,6.5351351351351346,2.33,18.66
task-oriented_58,357.3135292218141,305.5138992216491,1052.87109375,1023.0472530241935,2135.328125,1654.4717741935483,99.7,17.400000000000002,2.49,16.99
task-oriented_59,369.1922934420185,332.80972330403625,1054.8203125,1037.7233796296296,2139.828125,1840.3272569444443,99.7,4.55,2.4,18.09
task-oriented_06,311.244979919706,233.65452923101398,1048.02734375,957.473046875,2113.578125,1007.7234375,99.7,36.800000000000004,2.45,15.86
task-oriented_60,368.27703340254294,330.7909467185222,1054.33984375,1036.8971845518868,2138.828125,1833.6385613207547,99.7,7.469811320754719,2.41,18.02
task-oriented_61,361.4785992217943,314.525514987123,1050.0625,1024.634463028169,2118.578125,1735.4922975352113,99.7,12.27887323943662,2.51,15.47
task-oriented_62,366.07273614839085,323.1553109954563,1048.421875,1026.2017911585365,2117.578125,1816.6013719512196,57.9,4.746341463414634,2.49,16.64
task-oriented_63,368.3830338951548,329.81446063855236,1054.83984375,1037.2417129088785,2139.828125,1837.3038843457944,99.7,13.407476635514023,2.41,18.2
task-oriented_64,369.37754723972137,333.41638057074385,1054.578125,1037.4872685185185,2141.328125,1822.3272569444443,75.1,6.47037037037037,2.4,18.3
task-oriented_65,368.5283018867924,330.90199873134935,1054.2265625,1036.8183225235848,2139.078125,1833.8791273584907,99.7,7.550943396226416,2.42,18.12
task-oriented_66,369.5072248981134,333.82295969964105,1054.609375,1037.6066261574074,2140.078125,1840.493923611111,99.7,9.848148148148148,2.39,18.33
task-oriented_67,367.92934666952004,328.671597940292,1046.1015625,1026.8020833333333,2113.578125,1875.7599126344087,91.4,3.935483870967742,2.56,14.33
task-oriented_68,369.6735696735725,333.6963239432106,1057.03125,1040.7611019736842,2148.328125,1819.8185307017543,99.7,8.294736842105264,2.31,20.11
task-oriented_69,369.48587471485183,333.0055041362262,1056.3828125,1036.9218404314158,2146.328125,1811.8844026548672,99.7,7.727433628318586,2.34,19.56
task-oriented_07,369.91926991926096,336.41375228602595,1056.37109375,1040.0785361842106,2145.078125,1838.954495614035,99.7,12.650877192982453,2.28,19.4
task-oriented_70,368.99436261137316,331.60311074319753,1054.82421875,1037.7486740252293,2140.328125,1843.4098337155963,99.7,8.455045871559635,2.36,18.44
task-oriented_71,367.89440068130534,328.8660217916491,1045.68359375,1026.6279821908602,2113.578125,1880.5663642473119,91.6,4.694623655913979,2.55,13.89
task-oriented_72,353.3127889060211,298.56634082442827,1050.83203125,1015.6902043269231,2132.078125,1567.4417067307693,99.7,13.903846153846157,2.54,15.89
task-oriented_73,367.31458765803757,329.7555566800792,1057.65234375,1039.8947544642858,2150.078125,1745.134375,99.7,10.180952380952384,2.3,18.34
task-oriented_74,370.5714285714286,338.0390798399971,1065.6875,1050.920200892857,2160.828125,1782.986111111111,99.7,5.242857142857143,2.22,19.92
task-oriented_75,369.3333333333333,333.393612153232,1053.67578125,1036.9871961805557,2136.828125,1861.095775462963,99.7,7.281481481481483,2.35,17.28
task-oriented_76,353.9488320355798,299.83847710313336,1051.984375,1018.1015625,2134.078125,1582.224537037037,99.7,17.98148148148148,2.52,16.71
task-oriented_77,368.1223547518307,329.8936919314002,1052.91015625,1035.0416165865386,2135.578125,1848.8272235576924,99.7,14.330769230769233,2.43,17.11
task-oriented_78,368.89778101127973,331.8788209147862,1055.4921875,1038.6477272727273,2142.328125,1825.0272727272727,96.9,3.3181818181818183,2.37,18.69
task-oriented_79,369.6666666666667,334.4865393321072,1054.37890625,1037.54296875,2139.078125,1839.6791087962963,99.7,9.14814814814815,2.37,18.06
task-oriented_08,368.9454545454545,334.088236837963,1055.15234375,1038.1734159977063,2141.328125,1825.253870412844,70.2,5.75045871559633,2.37,18.35
task-oriented_80,349.0418118467032,290.5882137782154,1054.1953125,1014.0062839673913,2139.828125,1436.4782608695652,78.2,13.065217391304348,2.44,18.4
task-oriented_81,369.79278313683744,334.67645004232315,1057.7265625,1041.096888950893,2145.078125,1833.4165736607142,99.7,11.651785714285717,2.34,19.48
task-oriented_82,368.33962264150944,330.5177151767588,1051.8671875,1034.459449404762,2134.328125,1850.584375,99.7,6.965714285714286,2.39,16.9
task-oriented_83,369.6126568467131,333.8815694270012,1054.359375,1037.5203835227273,2139.078125,1845.05,75.8,7.389090909090908,2.32,18.0
task-oriented_84,364.62601238685465,321.3957202917122,1053.57421875,1031.5040922619048,2137.578125,1752.5174851190477,99.7,14.069047619047613,2.4,17.64
task-oriented_85,368.8460826078794,330.8940421893744,1054.26171875,1036.9022707359813,2139.328125,1836.9721086448599,99.7,13.001869158878508,2.41,17.96
task-oriented_86,369.4224235560619,333.06320914591197,1052.109375,1034.7682291666667,2135.328125,1851.5462797619048,88.4,4.956190476190476,2.42,17.05
task-oriented_87,369.0922321266311,331.712812777121,1055.9765625,1038.7441761363636,2143.578125,1826.159090909091,99.7,12.05818181818182,2.37,18.72
task-oriented_88,369.20563610372824,331.5221258862346,1047.640625,1029.2640306122448,2117.578125,1865.9036989795918,75.6,3.7326530612244895,2.49,15.63
task-oriented_89,369.23636363636365,332.0659661537181,1054.3515625,1037.3244696100917,2141.578125,1825.3479071100917,94.2,9.730275229357796,2.38,18.72
task-oriented_09,368.2092974775812,328.15045020877164,1047.3359375,1028.2521381578947,2113.578125,1880.6824013157895,68.2,3.1978947368421053,2.53,15.79
task-oriented_90,368.7806719516829,331.46441169061853,1055.1953125,1037.5806547619047,2142.328125,1809.993898809524,99.7,4.01904761904762,2.37,18.63
task-oriented_91,366.6589111214556,325.53574373623496,1046.6328125,1025.721929505814,2113.578125,1856.3095930232557,79.3,7.027906976744186,2.55,15.93
task-oriented_92,370.0,334.01389575165683,1055.97265625,1039.589774612832,2145.828125,1836.9688882743362,46.8,2.139823008849558,2.31,19.58
task-oriented_93,363.03317535545443,318.54493027603644,1052.890625,1028.6968544407894,2134.328125,1742.2084703947369,99.7,10.33157894736842,2.47,16.74
task-oriented_94,369.18333333333334,333.02480737176336,1058.31640625,1042.5479582457983,2152.078125,1794.640362394958,99.7,11.004201680672264,2.29,18.79
task-oriented_95,369.54991665122077,333.78310486848227,1053.25390625,1036.3372395833333,2138.828125,1839.3642939814815,99.7,3.961111111111111,2.37,17.97
task-oriented_96,369.6545454545455,333.98790596784886,1055.359375,1038.523650568182,2142.828125,1825.581818181818,99.7,9.905454545454546,2.35,18.91
task-oriented_97,370.4590105375854,336.33751433334913,1055.9453125,1039.499302455357,2146.328125,1834.693359375,99.7,8.266071428571431,2.35,19.59
task-oriented_98,362.5662154208404,314.7347870868676,1046.7890625,1019.9364505597015,2113.578125,1783.4722481343283,99.7,7.53134328358209,2.58,14.76
task-oriented_99,363.02407357315604,318.63407509629064,1055.703125,1030.6873944256756,2144.828125,1673.245777027027,99.7,8.35945945945946,2.34,19.35
